SUBFAMILY;TRIBE;GENUS HANDBOOK;SPECIES HANDBOOK;SP_reducido;HandbookSp;Sp;diet_Iris;diet_CVA
Sciurinae;Pteromyini;Aeretes;melanopterus;Aer_mel;Aeretes melanopterus;A.melanopterus;NO_INF;NO_INF
Sciurinae;Pteromyini;Aeromys;tephromelas;Aer_tep;Aeromys tephromelas;A.tephromelas;Seeds_nuts;chew_crush
Sciurinae;Pteromyini;Aeromys;thomasi;Aer_tho;Aeromys thomasi;A.thomasi;Frugivorous;chew_crush
Xerinae;Marmotini;Ammospermophilus;harrisii;Amm_har;Ammospermophilus harrisii;A.harrisii;Seeds_nuts;chew_crush
Xerinae;Marmotini;Ammospermophilus;interpres;Amm_int;Ammospermophilus interpres;A.interpres;Seeds_nuts;chew_crush
Xerinae;Marmotini;Ammospermophilus;leucurus;Amm_leu;Ammospermophilus leucurus;A.leucurus;Seeds_nuts;chew_crush
Xerinae;Marmotini;Ammospermophilus;nelsoni;Amm_nel;Ammospermophilus nelsoni;A.nelsoni;mixed_feeder;mixed_feeder
Xerinae;Xerini;Atlantoxerus;getulus;Atl_get;Atlantoxerus getulus;A.getulus;Seeds_nuts;chew_crush
Sciurinae;Pteromyini;Belomys;pearsonii;Bel_pea;Belomys pearsonii;B.pearsonii;Folivore;chew_crush
Sciurinae;Pteromyini;Biswamoyopterus;biswasi;Bis_bis;Biswamoyopterus biswasi;B.biswasi;NO_INF;NO_INF
Sciurinae;Pteromyini;Biswamoyopterus;laoensis;Bis_lao;Biswamoyopterus laoensis;B.laoensis;NO_INF;NO_INF
Callosciurinae;Callosciurini;Callosciurus;adamsi;Cal_ada;Callosciurus adamsi;C.adamsi;NO_INF;NO_INF
Callosciurinae;Callosciurini;Callosciurus;baluensis;Cal_bal;Callosciurus baluensis;C.baluensis;NO_INF;NO_INF
Callosciurinae;Callosciurini;Callosciurus;caniceps;Cal_can;Callosciurus caniceps;C.caniceps;Browser;chew_crush
Callosciurinae;Callosciurini;Callosciurus;erythraeus;Cal_ery;Callosciurus erythraeus;C.erythraeus;Seeds_nuts;chew_crush
Callosciurinae;Callosciurini;Callosciurus;finlaysonii;Cal_fin;Callosciurus finlaysonii;C.finlaysonii;Seeds_nuts;chew_crush
Callosciurinae;Callosciurini;Callosciurus;inornatus;Cal_ino;Callosciurus inornatus;C.inornatus;NO_INF;NO_INF
Callosciurinae;Callosciurini;Callosciurus;melanogaster;Cal_mel;Callosciurus melanogaster;C.melanogaster;Browser;chew_crush
Callosciurinae;Callosciurini;Callosciurus;nigrovittatus;Cal_nig;Callosciurus nigrovittatus;C.nigrovittatus;Frugivorous;chew_crush
Callosciurinae;Callosciurini;Callosciurus;notatus;Cal_not;Callosciurus notatus;C.notatus;Seeds_nuts;chew_crush
Callosciurinae;Callosciurini;Callosciurus;orestes;Cal_ore;Callosciurus orestes;C.orestes;Frugivorous;chew_crush
Callosciurinae;Callosciurini;Callosciurus;phayrei;Cal_pha;Callosciurus phayrei;C.phayrei;NO_INF;NO_INF
Callosciurinae;Callosciurini;Callosciurus;prevostii;Cal_pre;Callosciurus prevostii;C.prevostii;Seeds_nuts;chew_crush
Callosciurinae;Callosciurini;Callosciurus;pygerythrus;Cal_pyg;Callosciurus pygerythrus;C.pygerythrus;Frugivorous;chew_crush
Callosciurinae;Callosciurini;Callosciurus;quinquestriatus;Cal_qui;Callosciurus quinquestriatus;C.quinquestriatus;Browser;chew_crush
Xerinae;Marmotini;Callospermophilus;lateralis;Cal_lat;Callospermophilus lateralis;C.lateralis;mixed_feeder;mixed_feeder
Xerinae;Marmotini;Callospermophilus;madrensis;Cal_mad;Callospermophilus madrensis;C.madrensis;Seeds_nuts;chew_crush
Xerinae;Marmotini;Callospermophilus;saturatus;Cal_sat;Callospermophilus saturatus;C.saturatus;mixed_feeder;mixed_feeder
Xerinae;Marmotini;Cynomys;gunnisoni;Cyn_gun;Cynomys gunnisoni;C.gunnisoni;mixed_feeder;mixed_feeder
Xerinae;Marmotini;Cynomys;leucurus;Cyn_leu;Cynomys leucurus;C.leucurus;mixed_feeder;mixed_feeder
Xerinae;Marmotini;Cynomys;ludovicianus;Cyn_lud;Cynomys ludovicianus;C.ludovicianus;mixed_feeder;mixed_feeder
Xerinae;Marmotini;Cynomys;mexicanus;Cyn_mex;Cynomys mexicanus;C.mexicanus;mixed_feeder;mixed_feeder
Xerinae;Marmotini;Cynomys;parvidens;Cyn_par;Cynomys parvidens;C.parvidens;mixed_feeder;mixed_feeder
Callosciurinae;Callosciurini;Dremomys;gularis;Dre_gul;Dremomys gularis;D.gularis;NO_INF;NO_INF
Callosciurinae;Callosciurini;Dremomys;lokriah;Dre_lok;Dremomys lokriah;D.lokriah;Seeds_nuts;chew_crush
Callosciurinae;Callosciurini;Dremomys;pernyi;Dre_per;Dremomys pernyi;D.pernyi;Browser;chew_crush
Callosciurinae;Callosciurini;Dremomys;pyrrhomerus;Dre_pyr;Dremomys pyrrhomerus;D.pyrrhomerus;NO_INF;NO_INF
Callosciurinae;Callosciurini;Dremomys;rufigenis;Dre_ruf;Dremomys rufigenis;D.rufigenis;NO_INF;NO_INF
Sciurinae;Pteromyini;Eoglaucomys;fimbriatus;Eog_fim;Eoglaucomys fimbriatus;E.fimbriatus;Seeds_nuts;chew_crush
Xerinae;Protoxerini;Epixerus;ebii;Epi_ebi;Epixerus ebii;E.ebii;Seeds_nuts;chew_crush
Sciurinae;Pteromyini;Eupetaurus;cinereus;Eup_cin;Eupetaurus cinereus;E.cinereus;Folivore;chew_crush
Xerinae;Xerini;Euxerus;erythropus;Eux_ery;Euxerus erythropus;E.erythropus;mixed_feeder;mixed_feeder
Callosciurinae;Callosciurini;Exilisciurus;concinnus;Exi_con;Exilisciurus concinnus;E.concinnus;Bark_gleaner;chew_crush
Callosciurinae;Callosciurini;Exilisciurus;exilis;Exi_exi;Exilisciurus exilis;E.exilis;Bark_gleaner;chew_crush
Callosciurinae;Callosciurini;Exilisciurus;whiteheadi;Exi_whi;Exilisciurus whiteheadi;E.whiteheadi;Bark_gleaner;chew_crush
Callosciurinae;Callosciurini;Funambulus;layardi;Fun_lay;Funambulus layardi;F.layardi;NO_INF;NO_INF
Callosciurinae;Callosciurini;Funambulus;palmarum;Fun_pal;Funambulus palmarum;F.palmarum;Seeds_nuts;chew_crush
Callosciurinae;Callosciurini;Funambulus;pennantii;Fun_pen;Funambulus pennantii;F.pennantii;Frugivorous;chew_crush
Callosciurinae;Callosciurini;Funambulus;sublineatus;Fun_sub;Funambulus sublineatus;F.sublineatus;NO_INF;NO_INF
Callosciurinae;Callosciurini;Funambulus;tristriatus;Fun_tri;Funambulus tristiatus;F.tristriatus;Seeds_nuts;chew_crush
Xerinae;Protoxerini;Funisciurus;anerythrus;Fun_ane;Funisciurus anerythrus;F.anerythrus;Seeds_nuts;chew_crush
Xerinae;Protoxerini;Funisciurus;bayonii;Fun_bay;Funisciurus bayonii;F.bayonii;NO_INF;NO_INF
Xerinae;Protoxerini;Funisciurus;carruthersi;Fun_car;Funisciurus carruthersi;F.carruthersi;Seeds_nuts;chew_crush
Xerinae;Protoxerini;Funisciurus;congicus;Fun_con;Funisciurus congicus;F.congicus;Seeds_nuts;chew_crush
Xerinae;Protoxerini;Funisciurus;duchaillui;Fun_duc;Funisciurus duchaillui;F.duchaillui;Frugivorous;chew_crush
Xerinae;Protoxerini;Funisciurus;isabella;Fun_isa;Funisciurus isabella;F.isabella;Seeds_nuts;chew_crush
Xerinae;Protoxerini;Funisciurus;lemniscatus;Fun_lem;Funisciurus lemniscatus;F.lemniscatus;Seeds_nuts;chew_crush
Xerinae;Protoxerini;Funisciurus;leucogenys;Fun_leu;Funisciurus leucogenys;F.leucogenys;Seeds_nuts;chew_crush
Xerinae;Protoxerini;Funisciurus;pyrropus;Fun_pyr;Funisciurus pyrropus;F.pyrropus;Seeds_nuts;chew_crush
Xerinae;Protoxerini;Funisciurus;substriatus;Fun_sut;Funisciurus substriatus;F.substriatus;NO_INF;NO_INF
Xerinae;Xerini;Geosciurus;inauris;Geo_ina;Geosciurus inauris;G.inauris;mixed_feeder;mixed_feeder
Xerinae;Xerini;Geosciurus;princeps;Geo_pri;Geosciurus princeps;G.princeps;grazer;Grind
Sciurinae;Pteromyini;Glaucomys;sabrinus;Gla_sab;Glaucomys sabrinus;G.sabrinus;Seeds_nuts;chew_crush
Sciurinae;Pteromyini;Glaucomys;volans;Gla_vol;Glaucomys volans;G.volans;Seeds_nuts;chew_crush
Callosciurinae;Callosciurini;Glyphotes;simus;Gly_sim;Glyphotes simus;G.simus;Bark_gleaner;chew_crush
Xerinae;Protoxerini;Heliosciurus;gambianus;Hel_gam;Heliosciurus gambianus;H.gambianus;Seeds_nuts;chew_crush
Xerinae;Protoxerini;Heliosciurus;mutabilis;Hel_mut;Heliosciurus mutabilis;H.mutabilis;Browser;chew_crush
Xerinae;Protoxerini;Heliosciurus;punctatus;Hel_pun;Heliosciurus punctatus;H.punctatus;Browser;chew_crush
Xerinae;Protoxerini;Heliosciurus;rufobrachium;Hel_ruf;Heliosciurus rufobrachium;H.rufobrachium;Seeds_nuts;chew_crush
Xerinae;Protoxerini;Heliosciurus;ruwenzorii;Hel_ruw;Heliosciurus ruwenzorii;H.ruwenzorii;Seeds_nuts;chew_crush
Xerinae;Protoxerini;Heliosciurus;undulatus;Hel_und;Heliosciurus undulatus;H.undulatus;Seeds_nuts;chew_crush
Sciurinae;Pteromyini;Hylopetes;alboniger;Hyl_alb;Hylopetes alboniger;H.alboniger;Browser;chew_crush
Sciurinae;Pteromyini;Hylopetes;bartelsi;Hyl_bar;Hylopetes bartelsi;H.bartelsi;NO_INF;NO_INF
Sciurinae;Pteromyini;Hylopetes;nigripes;Hyl_nig;Hylopetes nigripes;H.nigripes;NO_INF;NO_INF
Sciurinae;Pteromyini;Hylopetes;phayrei;Hyl_pha;Hylopetes phayrei;H.phayrei;Frugivorous;chew_crush
Sciurinae;Pteromyini;Hylopetes;platyurus;Hyl_pla;Hylopetes platyurus;H.platyurus;Seeds_nuts;chew_crush
Sciurinae;Pteromyini;Hylopetes;sagitta;Hyl_sag;Hylopetes sagitta;H.sagitta;NO_INF;NO_INF
Sciurinae;Pteromyini;Hylopetes;sipora;Hyl_sip;Hylopetes sipora;H.sipora;NO_INF;NO_INF
Sciurinae;Pteromyini;Hylopetes;spadiceus;Hyl_spa;Hylopetes spadiceus;H.spadiceus;NO_INF;NO_INF
Sciurinae;Pteromyini;Hylopetes;winstoni;Hyl_win;Hylopetes winstoni;H.winstoni;NO_INF;NO_INF
Callosciurinae;Callosciurini;Hyosciurus;heinrichi;Hyo_hei;Hyosciurus heinrichi;H.heinrichi;Seeds_nuts;chew_crush
Callosciurinae;Callosciurini;Hyosciurus;ileile;Hyo_ile;Hyosciurus ileile;H.ileile;Seeds_nuts;chew_crush
Xerinae;Marmotini;Ictidomys;mexicanus;Ict_mex;Ictidomys mexicanus;I.mexicanus;mixed_feeder;mixed_feeder
Xerinae;Marmotini;Ictidomys;parvidens;Ict_par;Ictidomys parvidens;I.parvidens;mixed_feeder;mixed_feeder
Xerinae;Marmotini;Ictidomys;tridecemlineatus;Ict_tri;Ictidomys tridecemlineatus;I.tridecemlineatus;mixed_feeder;mixed_feeder
Sciurinae;Pteromyini;Iomys;horsfieldii;Iom_hor;Iomys horsfieldii;I.horsfieldii;Seeds_nuts;chew_crush
Sciurinae;Pteromyini;Iomys;sipora;Iom_sip;Iomys sipora;I.sipora;NO_INF;NO_INF
Callosciurinae;Callosciurini;Lariscus;hosei;Lar_hos;Lariscus hosei;L.hosei;NO_INF;NO_INF
Callosciurinae;Callosciurini;Lariscus;insignis;Lar_ins;Lariscus insignis;L.insignis;Seeds_nuts;chew_crush
Callosciurinae;Callosciurini;Lariscus;niobe;Lar_nio;Lariscus niobe;L.niobe;NO_INF;NO_INF
Callosciurinae;Callosciurini;Lariscus;obscurus;Lar_obs;Lariscus obscurus;L.obscurus;Seeds_nuts;chew_crush
Xerinae;Marmotini;Marmota;baibacina;Mar_bai;Marmota baibacina;M.baibacina;grazer;Grind
Xerinae;Marmotini;Marmota;bobak;Mar_bob;Marmota bobak;M.bobak;grazer;Grind
Xerinae;Marmotini;Marmota;broweri;Mar_bro;Marmota broweri;M.broweri;grazer;Grind
Xerinae;Marmotini;Marmota;caligata;Mar_cal;Marmota caligata;M.caligata;grazer;Grind
Xerinae;Marmotini;Marmota;camtschatica;Mar_cam;Marmota camtschatica;M.camtschatica;grazer;Grind
Xerinae;Marmotini;Marmota;caudata;Mar_cau;Marmota caudata;M.caudata;grazer;Grind
Xerinae;Marmotini;Marmota;flaviventer;Mar_fla;Marmota flaviventer;M.flaviventer;grazer;Grind
Xerinae;Marmotini;Marmota;himalayana;Mar_him;Marmota himalayana;M.himalayana;grazer;Grind
Xerinae;Marmotini;Marmota;katschenkoi;Mar_kat;Marmota katschenkoi;M.katschenkoi;grazer;Grind
Xerinae;Marmotini;Marmota;marmota;Mar_mar;Marmota marmota;M.marmota;grazer;Grind
Xerinae;Marmotini;Marmota;menzbieri;Mar_men;Marmota menzbieri;M.menzbieri;grazer;Grind
Xerinae;Marmotini;Marmota;monax;Mar_mon;Marmota monax;M.monax;grazer;Grind
Xerinae;Marmotini;Marmota;olympus;Mar_oly;Marmota olympus;M.olympus;grazer;Grind
Xerinae;Marmotini;Marmota;sibirica;Mar_sib;Marmota sibrica;M.sibirica;grazer;Grind
Xerinae;Marmotini;Marmota;vancouverensis;Mar_van;Marmota vancouverensis;M.vancouverensis;grazer;Grind
Callosciurinae;Callosciurini;Menetes;berdmorei;Men_ber;Menetes berdmorei;M.berdmorei;NO_INF;NO_INF
Sciurinae;Sciurini;Microsciurus;alfari;Mic_alf;Microsciurus alfari;M.alfari;Bark_gleaner;chew_crush
Sciurinae;Sciurini;Microsciurus;flaviventer;Mic_fla;Microsciurus flaviventer;M.flaviventer;Bark_gleaner;chew_crush
Sciurinae;Sciurini;Microsciurus;mimulus;Mic_mim;Microsciurus mimulus;M.mimulus;NO_INF;NO_INF
Sciurinae;Sciurini;Microsciurus;santanderensis;Mic_san;Microsciurus santanderensis;M.santanderensis;NO_INF;NO_INF
Xerinae;Protoxerini;Myosciurus;pumilio;Myo_pum;Myosciurus pumilio;M.pumilio;Bark_gleaner;chew_crush
Callosciurinae;Callosciurini;Nannosciurus;melanotis;Nan_mel;Nannosciurus melanotis;N.melanotis;Bark_gleaner;chew_crush
Xerinae;Marmotini;Notocitellus;adocetus;Not_ado;Notocitellus adocetus;N.adocetus;mixed_feeder;mixed_feeder
Xerinae;Marmotini;Notocitellus;annulatus;Not_ann;Notocitellus annulatus;N.annulatus;mixed_feeder;mixed_feeder
Xerinae;Marmotini;Otospermophilus;atricapillus;Oto_atr;Otospermophilus atricapillus;O.atricapillus;mixed_feeder;mixed_feeder
Xerinae;Marmotini;Otospermophilus;beecheyi;Oto_bee;Otospermophilus beecheyi;O.beecheyi;mixed_feeder;mixed_feeder
Xerinae;Marmotini;Otospermophilus;variegatus;Oto_var;Otospermophilus variegatus;O.variegatus;Seeds_nuts;chew_crush
Xerinae;Protoxerini;Paraxerus;alexandri;Par_ale;Paraxerus alexandri;P.alexandri;Browser;chew_crush
Xerinae;Protoxerini;Paraxerus;boehmi;Par_boe;Paraxerus boehmi;P.boehmi;Browser;chew_crush
Xerinae;Protoxerini;Paraxerus;cepapi;Par_cep;Paraxerus cepapi;P.cepapi;Seeds_nuts;chew_crush
Xerinae;Protoxerini;Paraxerus;cooperi;Par_coo;Paraxerus cooperi;P.cooperi;NO_INF;NO_INF
Xerinae;Protoxerini;Paraxerus;flavovittis;Par_fla;Paraxerus flavovittis;P.flavovittis;Seeds_nuts;chew_crush
Xerinae;Protoxerini;Paraxerus;lucifer;Par_luc;Paraxerus lucifer;P.lucifer;Seeds_nuts;chew_crush
Xerinae;Protoxerini;Paraxerus;ochraceus;Par_och;Paraxerus ochraceus;P.ochraceus;Seeds_nuts;chew_crush
Xerinae;Protoxerini;Paraxerus;palliatus;Par_pal;Paraxerus palliatus;P.palliatus;NO_INF;NO_INF
Xerinae;Protoxerini;Paraxerus;poensis;Par_poe;Paraxerus poensis;P.poensis;Seeds_nuts;chew_crush
Xerinae;Protoxerini;Paraxerus;vexillarius;Par_vex;Paraxerus vexillarius;P.vexillarius;Seeds_nuts;chew_crush
Xerinae;Protoxerini;Paraxerus;vincenti;Par_vin;Paraxerus vincenti;P.vincenti;NO_INF;NO_INF
Sciurinae;Pteromyini;Petaurillus;emiliae;Pet_emi;Petaurillus emiliae;P.emiliae;NO_INF;NO_INF
Sciurinae;Pteromyini;Petaurillus;hosei;Pet_hos;Petaurillus hosei;P.hosei;NO_INF;NO_INF
Sciurinae;Pteromyini;Petaurillus;kinlochii;Pet_kin;Petaurillus kinlochii;P.kinlochii;NO_INF;NO_INF
Sciurinae;Pteromyini;Petaurista;albiventer;Pet_alv;Petaurista albiventer;P.albiventer;Seeds_nuts;chew_crush
Sciurinae;Pteromyini;Petaurista;alborufus;Pet_alb;Petaurista alborufus;P.alborufus;Seeds_nuts;chew_crush
Sciurinae;Pteromyini;Petaurista;caniceps;Pet_can;Petaurista caniceps;P.caniceps;Browser;chew_crush
Sciurinae;Pteromyini;Petaurista;elegans;Pet_ele;Petaurista elegans;P.elegans;Seeds_nuts;chew_crush
Sciurinae;Pteromyini;Petaurista;hainana;Pet_hai;Petaurista hainana;P.hainana;NO_INF;NO_INF
Sciurinae;Pteromyini;Petaurista;lena;Pet_len;Petaurista lena;P.lena;Browser;chew_crush
Sciurinae;Pteromyini;Petaurista;leucogenys;Pet_leu;Petaurista leucogenys;P.leucogenys;Seeds_nuts;chew_crush
Sciurinae;Pteromyini;Petaurista;magnificus;Pet_mag;Petaurista magnificus;P.magnificus;grazer;Grind
Sciurinae;Pteromyini;Petaurista;mechukaensis;Pet_mec;Petaurista mechukaensis;P.mechukaensis;NO_INF;NO_INF
Sciurinae;Pteromyini;Petaurista;mishmiensis;Pet_mis;Petaurista mishmiensis;P.mishmiensis;NO_INF;NO_INF
Sciurinae;Pteromyini;Petaurista;nobilis;Pet_nob;Petaurista nobilis;P.nobilis;NO_INF;NO_INF
Sciurinae;Pteromyini;Petaurista;petaurista;Pet_pet;Petaurista petaurista;P.petaurista;Folivore;chew_crush
Sciurinae;Pteromyini;Petaurista;philippensis;Pet_phi;Petaurista philippensis;P.philippensis;Folivore;chew_crush
Sciurinae;Pteromyini;Petaurista;siangensis;Pet_sia;Petaurista siangensis;P.siangensis;NO_INF;NO_INF
Sciurinae;Pteromyini;Petaurista;xanthotis;Pet_xan;Petaurista xanthotis;P.xanthotis;Browser;chew_crush
Sciurinae;Pteromyini;Petaurista;yunanensis;Pet_yun;Petaurista yunanensis;P.yunanensis;NO_INF;NO_INF
Sciurinae;Pteromyini;Petinomys;crinitus;Pet_cri;Petinomys crinitus;P.crinitus;NO_INF;NO_INF
Sciurinae;Pteromyini;Petinomys;fuscocapillus;Pet_fus;Petinomys fuscocapillus;P.fuscocapillus;Browser;chew_crush
Sciurinae;Pteromyini;Petinomys;genibarbis;Pet_gen;Petinomys genibarbis;P.genibarbis;NO_INF;NO_INF
Sciurinae;Pteromyini;Petinomys;hageni;Pet_hag;Petinomys hageni;P.hageni;NO_INF;NO_INF
Sciurinae;Pteromyini;Petinomys;lugens;Pet_lug;Petinomys lugens;P.lugens;NO_INF;NO_INF
Sciurinae;Pteromyini;Petinomys;mindanensis;Pet_min;Petinomys mindanensis;P.mindanensis;NO_INF;NO_INF
Sciurinae;Pteromyini;Petinomys;setosus;Pet_set;Petinomys setosus;P.setosus;Seeds_nuts;chew_crush
Sciurinae;Pteromyini;Petinomys;vordermanni;Pet_vor;Petinomys vordermanni;P.vordermanni;Seeds_nuts;chew_crush
Xerinae;Marmotini;Poliocitellus;franklinii;Pol_fra;Poliocitellus franklinii;P.franklinii;mixed_feeder;mixed_feeder
Callosciurinae;Callosciurini;Prosciurillus;abstrusus;Pro_abs;Prosciurillus abstrussus;P.abstrusus;NO_INF;NO_INF
Callosciurinae;Callosciurini;Prosciurillus;alstoni;Pro_als;Prosciurillus alstoni;P.alstoni;Browser;chew_crush
Callosciurinae;Callosciurini;Prosciurillus;leucomus;Pro_leu;Prosciurillus leucomus;P.leucomus;Browser;chew_crush
Callosciurinae;Callosciurini;Prosciurillus;murinus;Pro_mur;Prosciurillus murinus;P.murinus;Seeds_nuts;chew_crush
Callosciurinae;Callosciurini;Prosciurillus;rosenbergii;Pro_ros;Prosciurillus rosenbergii;P.rosenbergii;NO_INF;NO_INF
Callosciurinae;Callosciurini;Prosciurillus;topapuensis;Pro_top;Prosciurillus topapuensis;P.topapuensis;Seeds_nuts;chew_crush
Callosciurinae;Callosciurini;Prosciurillus;weberi;Pro_web;Prosciurillus weberi;P.weberi;Seeds_nuts;chew_crush
Xerinae;Protoxerini;Protoxerus;aubinnii;Pro_aub;Protoxerus aubinnii;P.aubinnii;Browser;chew_crush
Xerinae;Protoxerini;Protoxerus;stangeri;Pro_sta;Protoxerus stangeri;P.stangeri;Seeds_nuts;chew_crush
Sciurinae;Pteromyini;Pteromys;momonga;Pte_mom;Pteromys momonga;P.momonga;Seeds_nuts;chew_crush
Sciurinae;Pteromyini;Pteromys;volans;Pte_vol;Pteromys volans;P.volans;Browser;chew_crush
Sciurinae;Pteromyini;Pteromyscus;pulverulentus;Pte_pul;Pteromyscus pulverulentus;P.pulverulentus;Seeds_nuts;chew_crush
Ratufinae;Ratufini;Ratufa;affinis;Rat_aff;Ratufa affinis;R.affinis;Seeds_nuts;chew_crush
Ratufinae;Ratufini;Ratufa;bicolor;Rat_bic;Ratufa bicolor;R.bicolor;Seeds_nuts;chew_crush
Ratufinae;Ratufini;Ratufa;indica;Rat_ind;Ratufa indica;R.indica;Seeds_nuts;chew_crush
Ratufinae;Ratufini;Ratufa;macroura;Rat_mac;Ratufa macroura;R.macroura;Seeds_nuts;chew_crush
Sciurinae;Sciurini;Rheithrosciurus;macrotis;Rhe_mac;Rheithrosciurus macrotis;R.macrotis;Seeds_nuts;chew_crush
Callosciurinae;Callosciurini;Rhinosciurus;laticaudatus;Rhi_lat;Rhinosciurus laticaudatus;R.laticaudatus;Insectivore;Insectivore
Callosciurinae;Callosciurini;Rubrisciurus;rubriventer;Rub_rub;Rubrisciurus rubriventer;R.rubriventer;Seeds_nuts;chew_crush
Sciurillinae;Sciurillini;Sciurillus;pusillus;Sci_pus;Sciurillus pusillus;S.pusillus;Bark_gleaner;chew_crush
Xerinae;Marmotini;Sciurotamias;davidianus;Sci_dav;Sciurotamias davidianus;S.davidianus;Seeds_nuts;chew_crush
Xerinae;Marmotini;Sciurotamias;forresti;Sci_for;Sciurotamias forresti;S.forresti;NO_INF;NO_INF
Sciurinae;Sciurini;Sciurus;aberti;Sci_abe;Sciurus aberti;S.aberti;Seeds_nuts;chew_crush
Sciurinae;Sciurini;Sciurus;aestuans;Sci_aes;Sciurus aestuans;S.aestuans;Seeds_nuts;chew_crush
Sciurinae;Sciurini;Sciurus;alleni;Sci_all;Sciurus alleni;S.alleni;Seeds_nuts;chew_crush
Sciurinae;Sciurini;Sciurus;anomalus;Sci_ano;Sciurus anomalus;S.anomalus;Seeds_nuts;chew_crush
Sciurinae;Sciurini;Sciurus;arizonensis;Sci_ari;Sciurus arizonensis;S.arizonensis;Seeds_nuts;chew_crush
Sciurinae;Sciurini;Sciurus;aureogaster;Sci_aur;Sciurus aureogaster;S.aureogaster;Frugivorous;chew_crush
Sciurinae;Sciurini;Sciurus;carolinensis;Sci_car;Sciurus carolinensis;S.carolinensis;Seeds_nuts;chew_crush
Sciurinae;Sciurini;Sciurus;colliaei;Sci_col;Sciurus colliaei;S.colliaei;Seeds_nuts;chew_crush
Sciurinae;Sciurini;Sciurus;deppei;Sci_dep;Sciurus deppei;S.deppei;Seeds_nuts;chew_crush
Sciurinae;Sciurini;Sciurus;flammifer;Sci_fla;Sciurus flammifer;S.flammifer;Seeds_nuts;chew_crush
Sciurinae;Sciurini;Sciurus;gilvigularis;Sci_gil;Sciurus gilvigularis;S.gilvigularis;Seeds_nuts;chew_crush
Sciurinae;Sciurini;Sciurus;granatensis;Sci_gra;Sciurus granatensis;S.granatensis;Seeds_nuts;chew_crush
Sciurinae;Sciurini;Sciurus;griseus;Sci_gri;Sciurus griseus;S.griseus;Seeds_nuts;chew_crush
Sciurinae;Sciurini;Sciurus;ignitus;Sci_igt;Sciurus ignitus;S.ignitus;Seeds_nuts;chew_crush
Sciurinae;Sciurini;Sciurus;igniventris;Sci_igv;Sciurus igniventris;S.igniventris;Seeds_nuts;chew_crush
Sciurinae;Sciurini;Sciurus;lis;Sci_lis;Sciurus lis;S.lis;Seeds_nuts;chew_crush
Sciurinae;Sciurini;Sciurus;nayaritensis;Sci_nay;Sciurus nayaritensis;S.nayaritensis;Seeds_nuts;chew_crush
Sciurinae;Sciurini;Sciurus;niger;Sci_nig;Sciurus niger;S.niger;Seeds_nuts;chew_crush
Sciurinae;Sciurini;Sciurus;oculatus;Sci_ocu;Sciurus oculatus;S.oculatus;Seeds_nuts;chew_crush
Sciurinae;Sciurini;Sciurus;pucheranii;Sci_puc;Sciurus pucheranii;S.pucheranii;Seeds_nuts;chew_crush
Sciurinae;Sciurini;Sciurus;pyrrhinus;Sci_pyr;Sciurus pyrrhinus;S.pyrrhinus;Browser;chew_crush
Sciurinae;Sciurini;Sciurus;richmondi;Sci_ric;Sciurus richmondi;S.richmondi;Seeds_nuts;chew_crush
Sciurinae;Sciurini;Sciurus;sanborni;Sci_san;Sciurus sanborni;S.sanborni;NO_INF;NO_INF
Sciurinae;Sciurini;Sciurus;spadiceus;Sci_spa;Sciurus spadiceus;S.spadiceus;Seeds_nuts;chew_crush
Sciurinae;Sciurini;Sciurus;stramineus;Sci_str;Sciurus stramineus;S.stramineus;Seeds_nuts;chew_crush
Sciurinae;Sciurini;Sciurus;variegatoides;Sci_var;Sciurus variegatoides;S.variegatoides;Seeds_nuts;chew_crush
Sciurinae;Sciurini;Sciurus;vulgaris;Sci_vul;Sciurus vulgaris;S.vulgaris;Seeds_nuts;chew_crush
Sciurinae;Sciurini;Sciurus;yucatanensis;Sci_yuc;Sciurus yucatanensis;S.yucatanensis;Seeds_nuts;chew_crush
Xerinae;Xerini;Spermophilopsis;leptodactyla;Spe_lep;Spermophilopsis leptodactyla;S.leptodactyla;Seeds_nuts;chew_crush
Xerinae;Marmotini;Spermophilus;alashanicus;Spe_ala;Spermophilus alashanicus;S.alashanicus;mixed_feeder;mixed_feeder
Xerinae;Marmotini;Spermophilus;brevicauda;Spe_bre;Spermophilus brevicauda;S.brevicauda;mixed_feeder;mixed_feeder
Xerinae;Marmotini;Spermophilus;citellus;Spe_cit;Spermophilus citellus;S.citellus;mixed_feeder;mixed_feeder
Xerinae;Marmotini;Spermophilus;dauricus;Spe_dau;Spermophilus dauricus;S.dauricus;mixed_feeder;mixed_feeder
Xerinae;Marmotini;Spermophilus;erythrogenys;Spe_ery;Spermophilus erythrogenys;S.erythrogenys;mixed_feeder;mixed_feeder
Xerinae;Marmotini;Spermophilus;fulvus;Spe_ful;Spermophilus fulvus;S.fulvus;mixed_feeder;mixed_feeder
Xerinae;Marmotini;Spermophilus;major;Spe_maj;Spermophilus major;S.major;mixed_feeder;mixed_feeder
Xerinae;Marmotini;Spermophilus;musicus;Spe_mus;Spermophilus musicus;S.musicus;mixed_feeder;mixed_feeder
Xerinae;Marmotini;Spermophilus;nilkaensis;Spe_nil;Spermophilus nilkaensis;S.nilkaensis;grazer;Grind
Xerinae;Marmotini;Spermophilus;pallidicauda;Spe_pal;Spermophilus pallidicauda;S.pallidicauda;NO_INF;NO_INF
Xerinae;Marmotini;Spermophilus;pygmaeus;Spe_pyg;Spermophilus pygmaeus;S.pygmaeus;mixed_feeder;mixed_feeder
Xerinae;Marmotini;Spermophilus;relictus;Spe_rel;Spermophilus relictus;S.relictus;grazer;Grind
Xerinae;Marmotini;Spermophilus;suslicus;Spe_sus;Spermophilus suslicus;S.suslicus;mixed_feeder;mixed_feeder
Xerinae;Marmotini;Spermophilus;taurensis;Spe_tau;Spermophilus taurensis;S.taurensis;NO_INF;NO_INF
Xerinae;Marmotini;Spermophilus;xanthoprymnus;Spe_xan;Spermophilus xanthoprymnus;S.xanthoprymnus;mixed_feeder;mixed_feeder
Callosciurinae;Callosciurini;Sundasciurus;altitudinis;Sun_alt;Sundasciurus altitudinis;S.altitudinis;Seeds_nuts;chew_crush
Callosciurinae;Callosciurini;Sundasciurus;brookei;Sun_bro;Sundasciurus brookei;S.brookei;NO_INF;NO_INF
Callosciurinae;Callosciurini;Sundasciurus;davensis;Sun_dav;Sundasciurus davensis;S.davensis;NO_INF;NO_INF
Callosciurinae;Callosciurini;Sundasciurus;everetti;Sun_eve;Sundasciurus everetti;S.everetti;Seeds_nuts;chew_crush
Callosciurinae;Callosciurini;Sundasciurus;fraterculus;Sun_fra;Sundasciurus fraterculus;S.fraterculus;NO_INF;NO_INF
Callosciurinae;Callosciurini;Sundasciurus;hippurus;Sun_hip;Sundasciurus hippurus;S.hippurus;Seeds_nuts;chew_crush
Callosciurinae;Callosciurini;Sundasciurus;hoogstraali;Sun_hoo;Sundasciurus hoogstraali;S.hoogstraali;NO_INF;NO_INF
Callosciurinae;Callosciurini;Sundasciurus;jentinki;Sun_jen;Sundasciurus jentinki;S.jentinki;Insectivore;Insectivore
Callosciurinae;Callosciurini;Sundasciurus;juvencus;Sun_juv;Sundasciurus juvencus;S.juvencus;NO_INF;NO_INF
Callosciurinae;Callosciurini;Sundasciurus;lowii;Sun_low;Sundasciurus lowii;S.lowii;Browser;chew_crush
Callosciurinae;Callosciurini;Sundasciurus;mindanensis;Sun_min;Sundasciurus mindanensis;S.mindanensis;NO_INF;NO_INF
Callosciurinae;Callosciurini;Sundasciurus;moellendorffi;Sun_moe;Sundasciurus moellendorffi;S.moellendorffi;NO_INF;NO_INF
Callosciurinae;Callosciurini;Sundasciurus;philippinensis;Sun_phi;Sundasciurus philippinensis;S.philippinensis;NO_INF;NO_INF
Callosciurinae;Callosciurini;Sundasciurus;rabori;Sun_rab;Sundasciurus rabori;S.rabori;NO_INF;NO_INF
Callosciurinae;Callosciurini;Sundasciurus;samarensis;Sun_sam;Sundasciurus samarensis;S.samarensis;NO_INF;NO_INF
Callosciurinae;Callosciurini;Sundasciurus;steerii;Sun_ste;Sundasciurus steerii;S.steerii;NO_INF;NO_INF
Callosciurinae;Callosciurini;Sundasciurus;tahan;Sun_tah;Sundasciurus tahan;S.tahan;NO_INF;NO_INF
Callosciurinae;Callosciurini;Sundasciurus;tenuis;Sun_ten;Sundasciurus tenuis;S.tenuis;Seeds_nuts;chew_crush
Sciurinae;Sciurini;Syntheosciurus;brochus;Syn_bro;Syntheosciurus brochus;S.brochus;Browser;chew_crush
Xerinae;Marmotini;Tamias;alpinus;Tam_alp;Tamias alpinus;T.alpinus;Seeds_nuts;chew_crush
Xerinae;Marmotini;Tamias;amoenus;Tam_amo;Tamias amoenus;T.amoenus;Seeds_nuts;chew_crush
Xerinae;Marmotini;Tamias;bulleri;Tam_bul;Tamias bulleri;T.bulleri;Seeds_nuts;chew_crush
Xerinae;Marmotini;Tamias;canipes;Tam_can;Tamias canipes;T.canipes;Seeds_nuts;chew_crush
Xerinae;Marmotini;Tamias;cinereicollis;Tam_cin;Tamias cinereicollis;T.cinereicollis;Seeds_nuts;chew_crush
Xerinae;Marmotini;Tamias;dorsalis;Tam_dor;Tamias dorsalis;T.dorsalis;mixed_feeder;mixed_feeder
Xerinae;Marmotini;Tamias;durangae;Tam_dur;Tamias durangae;T.durangae;Seeds_nuts;chew_crush
Xerinae;Marmotini;Tamias;merriami;Tam_mer;Tamias merriami;T.merriami;Seeds_nuts;chew_crush
Xerinae;Marmotini;Tamias;minimus;Tam_min;Tamias minimus;T.minimus;Seeds_nuts;chew_crush
Xerinae;Marmotini;Tamias;obscurus;Tam_obs;Tamias obscurus;T.obscurus;Seeds_nuts;chew_crush
Xerinae;Marmotini;Tamias;ochrogenys;Tam_och;Tamias ochrogenys;T.ochrogenys;Seeds_nuts;chew_crush
Xerinae;Marmotini;Tamias;palmeri;Tam_pal;Tamias palmeri;T.palmeri;Seeds_nuts;chew_crush
Xerinae;Marmotini;Tamias;panamintinus;Tam_pan;Tamias panamintinus;T.panamintinus;Seeds_nuts;chew_crush
Xerinae;Marmotini;Tamias;quadrimaculatus;Tam_qum;Tamias quadrimaculatus;T.quadrimaculatus;Seeds_nuts;chew_crush
Xerinae;Marmotini;Tamias;quadrivittatus;Tam_quv;Tamias quadrivittatus;T.quadrivittatus;mixed_feeder;mixed_feeder
Xerinae;Marmotini;Tamias;ruficaudus;Tam_rfi;Tamias ruficaudus;T.ruficaudus;Seeds_nuts;chew_crush
Xerinae;Marmotini;Tamias;rufus;Tam_rfu;Tamias rufus;T.rufus;Seeds_nuts;chew_crush
Xerinae;Marmotini;Tamias;senex;Tam_sen;Tamias senex;T.senex;Seeds_nuts;chew_crush
Xerinae;Marmotini;Tamias;sibiricus;Tam_sib;Tamias sibiricus;T.sibiricus;Seeds_nuts;chew_crush
Xerinae;Marmotini;Tamias;siskiyou;Tam_sis;Tamias siskiyou;T.siskiyou;Seeds_nuts;chew_crush
Xerinae;Marmotini;Tamias;sonomae;Tam_son;Tamias sonomae;T.sonomae;Seeds_nuts;chew_crush
Xerinae;Marmotini;Tamias;speciosus;Tam_spe;Tamias speciosus;T.speciosus;mixed_feeder;mixed_feeder
Xerinae;Marmotini;Tamias;striatus;Tam_str;Tamias striatus;T.striatus;Seeds_nuts;chew_crush
Xerinae;Marmotini;Tamias;townsendii;Tam_tow;Tamias townsendii;T.townsendii;Seeds_nuts;chew_crush
Xerinae;Marmotini;Tamias;umbrinus;Tam_umb;Tamias umbrinus;T.umbrinus;Seeds_nuts;chew_crush
Sciurinae;Sciurini;Tamiasciurus;douglasii;Tam_dou;Tamiasciurus douglasii;T.douglasii;Seeds_nuts;chew_crush
Sciurinae;Sciurini;Tamiasciurus;fremonti;Tam_fre;Tamiasciurus fremonti;T.fremonti;Seeds_nuts;chew_crush
Sciurinae;Sciurini;Tamiasciurus;hudsonicus;Tam_hud;Tamiasciurus hudsonicus;T.hudsonicus;Seeds_nuts;chew_crush
Callosciurinae;Callosciurini;Tamiops;maritimus;Tam_mar;Tamiops maritimus;T.maritimus;Seeds_nuts;chew_crush
Callosciurinae;Callosciurini;Tamiops;macclellandii;Tam_mac;Tamiops macclellandii;T.macclellandii;Seeds_nuts;chew_crush
Callosciurinae;Callosciurini;Tamiops;rodolphii;Tam_rod;Tamiops rodolphii;T.rodolphii;NO_INF;NO_INF
Callosciurinae;Callosciurini;Tamiops;swinhoei;Tam_swi;Tamiops swinhoei;T.swinhoei;Seeds_nuts;chew_crush
Sciurinae;Pteromyini;Trogopterus;xanthipes;Tro_xan;Trogopterus xanthipes;T.xanthipes;Folivore;chew_crush
Xerinae;Marmotini;Urocitellus;armatus;Uro_arm;Urocitellus armatus;U.armatus;mixed_feeder;mixed_feeder
Xerinae;Marmotini;Urocitellus;beldingi;Uro_bel;Urocitellus beldingi;U.beldingi;mixed_feeder;mixed_feeder
Xerinae;Marmotini;Urocitellus;brunneus;Uro_bru;Urocitellus brunneus;U.brunneus;mixed_feeder;mixed_feeder
Xerinae;Marmotini;Urocitellus;canus;Uro_can;Urocitellus canus;U.canus;mixed_feeder;mixed_feeder
Xerinae;Marmotini;Urocitellus;columbianus;Uro_col;Urocitellus columbianus;U.columbianus;mixed_feeder;mixed_feeder
Xerinae;Marmotini;Urocitellus;elegans;Uro_ele;Urocitellus elegans;U.elegans;mixed_feeder;mixed_feeder
Xerinae;Marmotini;Urocitellus;mollis;Uro_mol;Urocitellus mollis;U.mollis;mixed_feeder;mixed_feeder
Xerinae;Marmotini;Urocitellus;parryii;Uro_par;Urocitellus parryii;U.parryii;mixed_feeder;mixed_feeder
Xerinae;Marmotini;Urocitellus;richardsonii;Uro_ric;Urocitellus richardsonii;U.richardsonii;mixed_feeder;mixed_feeder
Xerinae;Marmotini;Urocitellus;townsendii;Uro_tow;Urocitellus townsendii;U.townsendii;mixed_feeder;mixed_feeder
Xerinae;Marmotini;Urocitellus;undulatus;Uro_und;Urocitellus undulatus;U.undulatus;mixed_feeder;mixed_feeder
Xerinae;Marmotini;Urocitellus;washingtoni;Uro_was;Urocitellus washingtoni;U.washingtoni;mixed_feeder;mixed_feeder
Xerinae;Marmotini;Xerospermophilus;mohavensis;Xer_moh;Xerospermophilus mohavensis;X.mohavensis;mixed_feeder;mixed_feeder
Xerinae;Marmotini;Xerospermophilus;perotensis;Xer_per;Xerospermophilus perotensis;X.perotensis;Seeds_nuts;chew_crush
Xerinae;Marmotini;Xerospermophilus;spilosoma;Xer_spi;Xerospermophilus spilosoma;X.spilosoma;mixed_feeder;mixed_feeder
Xerinae;Marmotini;Xerospermophilus;tereticaudus;Xer_ter;Xerospermophilus tereticaudus;X.tereticaudus;mixed_feeder;mixed_feeder
Xerinae;Xerini;Xerus;rutilus;Xer_rut;Xerus rutilus;X.rutilus;Seeds_nuts;chew_crush